0.17044215,-0.018863775,0.4024516,-0.075797098,0.15601415,-0.15098121,-0.17114055,-0.1799504,-0.10827363,0.17544681,0.0015978407,0.019083949,0.47027957,-0.13346664,0.48187913,0.36007809,0.31070072,0.027311839,0.35259374,-0.12952584,0.032226596,-0.15045863,-0.10047929,0.027682393,-0.19021318,-0.27535433,-0.24729127,0.39610626,0.61630446,-0.24640448,-0.14308351,-0.4313559,0.041542008,-0.070444584,0.32544908,0.072435079,-0.16026499,0.31950179,-0.23961974,-0.26635868,0.38141427,0.25681586,-0.13820699,-0.53968709,-1.6058486,-1.6058486,-1.6058486,-1.6058486,-1.6058486,-1.6058486,-1.6058486,-1.6058486,-1.6058486,-1.6058486,-1.6058486,-1.6058486,-1.6058486,1.5646678,1.5646678,1.5646678,1.5646678,1.5646678,1.5646678,1.5646678,1.5646678,1.5646678,1.5646678,1.5646678,1.5646678,1.5646678,-0.089766609,0.42494772,-0.058489358,0.23271797,-0.10371656,-0.30975323,0.037682719,-1.6058486,-1.6058486,-1.6058486,-1.6058486,-1.6058486,-1.6058486,-1.6058486,-1.6058486,-1.6058486,-1.6058486,-1.6058486,1.5646678,1.5646678,1.5646678,1.5646678,1.5646678,1.5646678,1.5646678,1.5646678,1.5646678,1.5646678,1.5646678,-0.52742467,-0.51208831,0.14951314,-0.28781986,-0.025750469,0.24540826,-0.085929199,0.12889977,0.10731635,0.55254284,-0.3235644,0.40763581,0.10905181,-0.38649797,-0.42569383,0.097508712,-0.12201978,-0.22959258,0.39446095,0.098402846,-0.12218798,-0.043269433,-0.20532358,0.093591682,0.34610008,-0.50880223,-0.22051709,0.25796549,0.66266508,3
0.23999622,0.70940096,-0.68603432,0.61586282,-0.34521331,-0.67712398,-0.89019451,-0.15006094,-0.18368416,-0.55548427,-0.39706859,0.49502852,0.083855727,0.11470843,-0.17129932,-0.2617293,-0.21981539,0.14743747,0.044533867,0.52041012,0.081998357,0.22903963,-0.17310381,0.60050966,0.37281659,0.1809485,0.50071763,0.29531417,0.56408409,-0.12298016,-0.85456366,-0.19322725,0.40004923,0.62851705,0.43782211,0.39465505,0.19295553,-0.51133801,-0.55702948,-0.10204637,0.17069178,-1.650369,-1.650369,-1.650369,-1.650369,-1.650369,-1.650369,-1.650369,-1.650369,-1.650369,-1.650369,-1.650369,-1.650369,1.7447168,1.7447168,1.7447168,1.7447168,1.7447168,1.7447168,1.7447168,1.7447168,1.7447168,1.7447168,1.7447168,1.7447168,-0.013325628,0.33705325,0.28345187,-0.38303952,-0.36132455,0.13291109,0.1099738,0.12477738,-0.36431535,0.013584017,0.10420521,-0.63169926,-0.37635738,0.068740082,-0.20169986,0.31068477,0.46587506,0.016122874,-0.35742013,-0.047038303,0.018810286,-0.084859525,0.30803209,0.3749695,0.09482915,-0.17220895,-0.096222137,-0.66289528,-1.650369,-1.650369,-1.650369,-1.650369,-1.650369,-1.650369,-1.650369,-1.650369,1.7447168,1.7447168,1.7447168,1.7447168,1.7447168,1.7447168,1.7447168,1.7447168,0.11589502,-0.39186803,-0.099760705,-0.0092442088,-0.21825831,-0.31799181,0.15757611,-0.16203251,-0.11350609,-0.18594041,-0.2918688,0.18123918,-0.40498518,0.28275135,0.065136215,-0.38944211,-0.034955587,0.5485474,-0.59921875,3
0.4025839,0.061981293,0.12651814,-0.15751373,-0.081666228,0.32783122,0.31679872,0.014920239,-0.12020913,0.17367916,0.14696397,-0.089879451,0.22663852,-0.13968607,-0.12454283,-0.12262612,0.3827845,0.11780695,-0.0856104,-0.17684522,-0.33470961,-0.29579675,-0.29744451,0.57158262,-0.014485912,-0.1000674,-0.066340511,0.41831614,-0.27611674,0.17200764,-0.31054771,-0.23071891,-1.6525343,-1.6525343,-1.6525343,-1.6525343,-1.6525343,-1.6525343,-1.6525343,-1.6525343,-1.6525343,-1.6525343,-1.6525343,-1.6525343,1.6004902,1.6004902,1.6004902,1.6004902,1.6004902,1.6004902,1.6004902,1.6004902,1.6004902,1.6004902,1.6004902,1.6004902,0.096955626,0.54644471,-0.07738207,-0.037376689,0.67939254,0.45110201,-0.22726436,-0.045094121,-0.21827606,0.2806001,-0.25730098,-0.15795179,0.44737675,0.012771283,-0.48982442,0.26165989,0.16728727,0.11106518,0.024158826,-0.28073922,0.031103935,0.034847584,0.27826031,-0.11032007,0.044447156,-0.40054881,0.37442556,0.036700793,0.086528515,-0.47701967,-0.17938269,0.37971683,-0.53971974,-0.21956642,0.12133157,0.22475847,0.0020068109,0.052461596,-0.10723587,-0.31970878,0.027186933,-1.6525343,-1.6525343,-1.6525343,-1.6525343,-1.6525343,-1.6525343,-1.6525343,-1.6525343,-1.6525343,-1.6525343,-1.6525343,1.6004902,1.6004902,1.6004902,1.6004902,1.6004902,1.6004902,1.6004902,1.6004902,1.6004902,1.6004902,1.6004902,-0.02731279,-0.18909989,0.14035194,-0.28774257,0.051254337,0.19395534,0.1512725,0.078007861,0.022841855,3
-0.51399143,-0.25693562,0.79664022,0.087405451,0.15613414,-0.094628701,-0.86057826,-0.16207398,0.30611653,-0.23510711,-0.67347624,0.1239732,0.13740112,-0.23889331,0.515449,-0.057610675,-0.72612666,0.37554904,0.2131925,-0.65285357,-0.60535262,0.72299144,-0.045342285,0.19173715,-0.46833041,0.58710208,-0.033109114,-0.0035004097,-0.59342618,-0.46045619,-0.18771051,1.1845074,-0.44663665,0.36720809,-0.45552452,0.25288504,0.18984776,0.12773154,0.14824461,0.34659326,-0.31962966,0.36328248,0.33150055,-0.21638876,-0.071838884,0.49297693,-0.29830721,0.59177199,-0.56483622,0.51827691,0.49010972,-0.14298727,0.51067385,-0.22050613,-0.21991626,0.55440953,-0.11534087,-0.084855617,-0.040662808,0.39518898,0.026557776,0.016707903,0.36131884,0.38320624,0.12124106,-0.020769563,-0.4629679,-0.065293588,0.091497296,0.69857118,-0.26178295,0.067596762,0.32167424,0.031394817,0.66829967,-0.10547752,-0.23860747,0.050154299,-0.23117256,0.03757361,0.14363278,-0.061657307,-1.6470801,-1.6470801,-1.6470801,-1.6470801,-1.6470801,-1.6470801,-1.6470801,-1.6470801,-1.6470801,-1.6470801,-1.6470801,-1.6470801,1.6070113,1.6070113,1.6070113,1.6070113,1.6070113,1.6070113,1.6070113,1.6070113,1.6070113,1.6070113,1.6070113,1.6070113,-0.50931276,0.11888649,-1.6470801,-1.6470801,-1.6470801,-1.6470801,-1.6470801,-1.6470801,-1.6470801,-1.6470801,-1.6470801,-1.6470801,1.6070113,1.6070113,1.6070113,1.6070113,1.6070113,1.6070113,1.6070113,1.6070113,1.6070113,0.29528646,3
0.43060909,0.0001822381,0.25928116,-0.22100195,-0.42664294,-0.18220281,-0.30774246,0.47522004,0.26662542,-0.87595856,0.53309206,0.056738119,0.32710276,0.4419497,-0.14596134,-0.38478065,-0.11410251,0.029129156,0.32734574,0.0067846147,-0.53573145,0.085032733,-0.41001576,0.31002266,-0.057522215,0.14886539,-0.52926013,-0.3673685,0.03087441,-0.2770494,-0.063108346,0.037531211,-0.21370978,0.3068777,-0.16209068,-0.090792366,-0.34164072,-0.097908849,0.14383425,0.37982121,-0.036322355,-0.076360476,-0.56694078,-0.46979916,-0.26806822,0.15363731,0.10806396,0.24599985,0.73222962,0.033200979,0.031654557,-0.29878223,-0.12598932,-0.043764453,0.0088001221,-0.41265935,0.74944042,0.16155686,-0.24628312,-0.025356199,-1.4925114,-1.4925114,-1.4925114,-1.4925114,-1.4925114,-1.4925114,-1.4925114,-1.4925114,-1.4925114,-1.4925114,1.5648593,1.5648593,1.5648593,1.5648593,1.5648593,1.5648593,1.5648593,1.5648593,1.5648593,1.5648593,0.87766223,-0.04178997,-0.23876051,0.26361581,0.52078654,0.14312543,-0.14659653,0.21227701,-0.42425317,-0.046483177,0.086251056,-0.16314543,-0.033482916,-0.085104749,-1.4925114,-1.4925114,-1.4925114,-1.4925114,-1.4925114,-1.4925114,-1.4925114,-1.4925114,-1.4925114,-1.4925114,-1.4925114,-1.4925114,-1.4925114,-1.4925114,-1.4925114,-1.4925114,1.5648593,1.5648593,1.5648593,1.5648593,1.5648593,1.5648593,1.5648593,1.5648593,1.5648593,1.5648593,1.5648593,1.5648593,1.5648593,1.5648593,1.5648593,0.21115385,0.20374543,-0.10177307,3
-0.0089883069,-0.23390962,0.38813443,0.1950191,0.06305711,-0.17193289,-0.52511279,0.18984951,-0.20689679,-0.41258566,-0.04787935,-0.12452327,-0.049708127,-0.21802337,-0.22162795,0.01248201,0.27037204,0.24234573,-0.18800408,0.056325902,0.012497535,0.03144338,0.25095581,-0.19726985,-0.023402133,0.10172299,0.59017407,-1.4300537,-1.4300537,-1.4300537,-1.4300537,-1.4300537,-1.4300537,-1.4300537,-1.4300537,-1.4300537,-1.4300537,-1.4300537,-1.4300537,-1.4300537,-1.4300537,-1.4300537,1.3941856,1.3941856,1.3941856,1.3941856,1.3941856,1.3941856,1.3941856,1.3941856,1.3941856,1.3941856,1.3941856,1.3941856,1.3941856,1.3941856,0.38550757,-0.36921582,0.21947272,-0.17370735,0.20391576,0.53565207,-0.40209663,-0.10959217,0.043336892,0.27174504,-0.041534555,-0.27411997,0.49466708,-0.11848064,-0.11590418,0.87459355,-0.12312295,0.529667,0.18499203,0.028548605,0.059027194,0.27904604,-0.0062430997,-0.50433658,0.39907502,0.10688897,-0.20311043,-0.40675985,0.32244316,0.091403794,0.2573868,0.40535938,0.24333982,-0.12846337,-1.4300537,-1.4300537,-1.4300537,-1.4300537,-1.4300537,-1.4300537,-1.4300537,-1.4300537,-1.4300537,-1.4300537,-1.4300537,-1.4300537,-1.4300537,-1.4300537,-1.4300537,-1.4300537,1.3941856,1.3941856,1.3941856,1.3941856,1.3941856,1.3941856,1.3941856,1.3941856,1.3941856,1.3941856,1.3941856,1.3941856,1.3941856,1.3941856,1.3941856,1.3941856,0.033608749,0.20861657,-0.16390899,-0.061690307,0.1190364,-0.36346183,3
0.34916413,-0.55952104,-0.28591696,-0.59398988,0.58573295,0.14401917,-0.082228154,0.54190048,0.83276583,-1.553008,-1.553008,-1.553008,-1.553008,-1.553008,-1.553008,-1.553008,-1.553008,-1.553008,-1.553008,-1.553008,-1.553008,-1.553008,-1.553008,-1.553008,1.5548934,1.5548934,1.5548934,1.5548934,1.5548934,1.5548934,1.5548934,1.5548934,1.5548934,1.5548934,1.5548934,1.5548934,1.5548934,1.5548934,1.5548934,0.13352341,-0.24013404,0.092341077,0.17334649,-0.34946563,0.22268214,-0.37069185,0.49071098,0.42308028,0.20421572,0.56859977,-0.17052234,0.081194309,-0.11140044,-0.4422883,-1.553008,-1.553008,-1.553008,-1.553008,-1.553008,-1.553008,-1.553008,-1.553008,-1.553008,-1.553008,1.5548934,1.5548934,1.5548934,1.5548934,1.5548934,1.5548934,1.5548934,1.5548934,1.5548934,0.3509144,-0.075266949,0.15079113,-0.29010015,-0.027202688,0.12222796,-0.18701733,0.24831958,-0.38715046,-0.22876348,0.067849642,-0.096112265,0.18243953,-0.5755934,0.49969807,-0.15206302,0.026456341,-0.051043552,0.58925399,0.12090321,-0.15825346,-0.51624672,0.055831067,0.3053891,0.50273032,0.043033907,-0.1740852,-0.056216116,-0.23645581,0.20451863,-0.34992417,0.041040005,0.59069154,-0.41424906,0.095056264,-0.38558778,-0.28761825,-0.069807414,0.071321513,0.093425051,0.37959104,0.77089699,-0.60270157,-0.26091339,0.14065133,-0.10301932,0.19868361,0.29241318,-0.10719793,-0.21343964,0.20512586,-0.54085635,-0.069206874,0.1814664,-0.043985505,3
0.19473996,0.68004259,-0.52613607,-0.28308151,-0.15194438,0.41920432,-0.061075704,0.41526133,-0.16987059,-0.31164015,0.13849047,-0.2168145,0.2756741,0.24230673,-0.2294897,0.14446854,0.05703911,0.053039576,0.3139214,-0.48740111,-0.2057936,-0.61095211,0.5475578,-0.17181758,0.18634729,-0.44787919,-0.1920437,0.13597434,0.034381063,0.38379669,-0.20768453,0.27122165,0.13690178,-0.012974711,0.20953327,0.63857282,0.056514579,0.02321564,0.011743479,0.27372006,0.31497528,-0.59781554,-0.27975565,0.20376913,-0.021249292,-0.30813811,-0.42544769,-0.04358979,-0.0063242835,-0.19240071,0.47943488,-0.057420713,-0.2263889,0.18272365,-0.14025666,-0.15035444,0.22434623,0.26934533,0.010292571,-0.14575496,-0.4050662,-0.38728702,0.21077673,0.75336255,-1.4628907,-1.4628907,-1.4628907,-1.4628907,-1.4628907,-1.4628907,-1.4628907,-1.4628907,-1.4628907,-1.4628907,-1.4628907,-1.4628907,-1.4628907,1.5241523,1.5241523,1.5241523,1.5241523,1.5241523,1.5241523,1.5241523,1.5241523,1.5241523,1.5241523,1.5241523,1.5241523,-0.075143974,0.32761004,-1.4628907,-1.4628907,-1.4628907,-1.4628907,-1.4628907,-1.4628907,-1.4628907,-1.4628907,-1.4628907,-1.4628907,-1.4628907,-1.4628907,-1.4628907,-1.4628907,-1.4628907,1.5241523,1.5241523,1.5241523,1.5241523,1.5241523,1.5241523,1.5241523,1.5241523,1.5241523,1.5241523,1.5241523,1.5241523,1.5241523,1.5241523,0.33184203,0.2137897,-0.033174329,-0.36340161,-0.058646849,0.19797171,-0.22241805,0.19570704,3
0.060037882,-0.019392156,0.61026097,-0.16590645,-0.090586816,-0.10714236,0.11276622,0.473191,0.27787156,-0.23971176,0.30228814,0.19314005,-0.38107569,-0.090875231,0.43419964,0.22249312,0.17516043,-0.61842434,-0.12984662,0.066777255,0.32698663,0.52576371,-0.68947468,0.40342022,-0.42195329,0.50715102,-0.18766714,-0.063133689,-0.15948537,0.23251933,-0.35528445,-0.068520502,-0.34879133,0.12040514,-0.08596328,-0.14920598,-0.14787913,0.21278652,-0.095152555,-0.52023532,-0.21586515,-0.026099313,-0.459572,0.17298993,-0.1037196,0.52105216,0.082207942,-0.020794692,-0.1866277,-0.085254138,0.26446143,-0.026373103,0.0011729281,-0.27963441,0.011167928,0.56875141,-0.42961792,-0.17397917,-0.55695931,0.28060773,0.34592163,-0.02437839,-0.13380186,-0.0038025133,0.18480378,0.14541312,-1.5477929,-1.5477929,-1.5477929,-1.5477929,-1.5477929,-1.5477929,-1.5477929,-1.5477929,-1.5477929,-1.5477929,-1.5477929,-1.5477929,-1.5477929,-1.5477929,-1.5477929,1.5906295,1.5906295,1.5906295,1.5906295,1.5906295,1.5906295,1.5906295,1.5906295,1.5906295,1.5906295,1.5906295,1.5906295,1.5906295,1.5906295,-0.16154882,0.33371407,-0.047670782,0.46081387,0.095538398,-0.075974394,-0.051545818,-0.038497626,-1.5477929,-1.5477929,-1.5477929,-1.5477929,-1.5477929,-1.5477929,-1.5477929,-1.5477929,-1.5477929,-1.5477929,1.5906295,1.5906295,1.5906295,1.5906295,1.5906295,1.5906295,1.5906295,1.5906295,1.5906295,1.5906295,0.29407815,-0.18887221,-0.16064468,0.093067584,-0.0063242703,3
0.032443835,0.15679794,0.39960521,-0.44117722,0.018765163,-0.624201,0.28431446,0.33459902,-0.17499859,0.14478012,0.74927938,0.072454924,0.11187869,0.063134028,-0.74056592,-0.24676096,-0.76695575,0.40489652,-0.16643205,0.13376205,-0.19707981,-0.19252967,0.36670765,0.20262369,0.16363855,0.19425213,0.39829669,-0.07404755,0.50492227,-0.27306253,-0.26850157,-0.40390093,-0.024308798,0.21009971,-0.55179403,0.34293554,0.49675598,-0.28215782,-0.090061696,-1.5930518,-1.5930518,-1.5930518,-1.5930518,-1.5930518,-1.5930518,-1.5930518,-1.5930518,-1.5930518,-1.5930518,-1.5930518,-1.5930518,-1.5930518,-1.5930518,1.6388179,1.6388179,1.6388179,1.6388179,1.6388179,1.6388179,1.6388179,1.6388179,1.6388179,1.6388179,1.6388179,1.6388179,1.6388179,1.6388179,0.39733889,0.2192125,-0.29629328,0.25416387,-0.04877983,0.1967458,0.080657784,-0.35188227,0.175286,0.069887549,-1.5930518,-1.5930518,-1.5930518,-1.5930518,-1.5930518,-1.5930518,-1.5930518,-1.5930518,-1.5930518,1.6388179,1.6388179,1.6388179,1.6388179,1.6388179,1.6388179,1.6388179,1.6388179,0.22112317,0.20495779,-0.042652622,-0.028288054,-0.37725736,0.042898228,-0.13206621,-0.5702056,0.30787603,0.30375742,0.12304969,0.18824692,-0.4268122,-0.51258735,0.14239645,0.3865395,0.037636202,-0.92643288,0.18292445,-0.48681105,0.10436503,-0.29475346,0.35332008,0.11034318,0.45302278,-0.22612217,0.12312391,0.53879036,-0.52812569,0.081188444,-0.37200435,0.50592266,0.26733837,-0.13324947,3
0.00076521775,-0.34267997,0.18872921,-0.47936185,-0.28193196,0.35192722,-0.36033049,0.12182127,-0.28549919,0.085623184,-0.22798461,-0.18773354,0.70145798,0.55897458,-0.12367082,-0.0097015577,-0.74926509,0.073455879,-0.061190505,-0.38061926,-0.023890087,0.1392196,0.24901077,-0.10258609,-0.19548093,0.17118817,-0.027330526,-0.11468586,0.48380372,-0.40901865,-0.15751851,-0.60661882,0.27474871,-0.58003733,0.0070649978,0.10996501,-0.045400935,-0.17785261,-0.13032646,-0.19090814,0.065101792,0.63648105,-0.11925643,0.30314983,0.50861683,0.14977519,0.12519399,0.73145903,0.18387723,0.34318218,0.12592288,0.23421249,-0.050940276,-0.089538921,0.51681993,-0.0035485038,0.055431182,-0.16602703,-0.13324659,-0.29473924,0.086777205,-0.28910513,-0.11784892,-0.39267396,-0.12362386,1.6996561,1.6996561,1.6996561,1.6996561,1.6996561,1.6996561,1.6996561,1.6996561,1.6996561,1.6996561,1.6996561,1.6996561,1.6996561,-1.6998851,-1.6998851,-1.6998851,-1.6998851,-1.6998851,-1.6998851,-1.6998851,-1.6998851,-1.6998851,-1.6998851,-1.6998851,-1.6998851,-0.095597087,-0.080362142,-0.43231394,-0.020249181,-0.17342535,-0.11620536,-0.02940657,0.41640493,0.35533346,-1.6998851,-1.6998851,-1.6998851,-1.6998851,-1.6998851,-1.6998851,-1.6998851,-1.6998851,1.6996561,1.6996561,1.6996561,1.6996561,1.6996561,1.6996561,1.6996561,1.6996561,-0.12936582,-0.41723711,0.23781853,0.14847349,-0.22147317,-0.090350347,0.60616422,-0.58921602,-0.18747844,-0.18987464,-0.64269981,-0.12149454,0.52589527,2
0.19921684,0.27730239,0.14083595,0.34427579,-0.11260031,-0.13237556,0.51130183,-0.13884848,0.013471476,-0.47572262,-0.28979135,-0.099816491,-0.15387645,0.26864233,0.039658397,0.49196728,-0.63410831,-0.19728506,0.33641187,-0.16865078,-0.26250018,-0.34803499,-0.30894772,0.13607266,-0.35453453,1.4198833,1.4198833,1.4198833,1.4198833,1.4198833,1.4198833,1.4198833,1.4198833,1.4198833,1.4198833,1.4198833,1.4198833,1.4198833,1.4198833,1.4198833,1.4198833,-1.4525627,-1.4525627,-1.4525627,-1.4525627,-1.4525627,-1.4525627,-1.4525627,-1.4525627,-1.4525627,-1.4525627,-1.4525627,-1.4525627,-1.4525627,-1.4525627,-1.4525627,0.1672465,-0.17702033,0.17238126,-0.25452694,-0.24194777,0.57368363,-0.064364355,0.42166781,-0.13648813,0.55427129,0.0058106114,-0.41247053,-0.1156774,-0.17425725,0.34899775,-0.42653092,0.2930772,-0.2803885,0.34124111,0.23929276,0.27235362,0.050459928,0.045664535,0.32879247,0.080372368,0.2584432,-0.28815767,0.18421564,-0.0047313988,0.02185519,-0.18690196,-0.49408111,-0.22255196,-0.12079755,0.27023338,0.01481041,-0.088365422,-0.038871294,0.33291185,-0.39328167,-0.16194799,-0.12361979,0.12235223,-1.4525627,-1.4525627,-1.4525627,-1.4525627,-1.4525627,-1.4525627,-1.4525627,-1.4525627,-1.4525627,-1.4525627,-1.4525627,-1.4525627,-1.4525627,-1.4525627,1.4198833,1.4198833,1.4198833,1.4198833,1.4198833,1.4198833,1.4198833,1.4198833,1.4198833,1.4198833,1.4198833,1.4198833,1.4198833,1.4198833,-0.24739989,2
-0.11137253,-0.13588947,-0.60494604,-0.13655721,0.14161988,0.036898963,-0.15718534,0.26388206,-0.38772821,0.40305555,-0.048902317,0.2428711,0.060140488,-0.74862703,0.35834543,0.033671387,0.80034171,0.5044964,0.62231157,0.20621244,1.7329316,1.7329316,1.7329316,1.7329316,1.7329316,1.7329316,1.7329316,1.7329316,1.7329316,1.7329316,-1.7520417,-1.7520417,-1.7520417,-1.7520417,-1.7520417,-1.7520417,-1.7520417,-1.7520417,-1.7520417,-0.27500139,0.8119881,-0.53642216,0.16913634,-0.0079273499,-0.27481931,-0.20287117,0.27646374,-0.02309392,0.39750618,0.27532984,-0.68065179,-0.36930093,-0.22260446,0.50493836,-0.6756152,-0.061254275,-0.053459588,-0.43112251,0.029144182,0.43524207,0.15011891,0.32856081,-0.30685649,0.13708701,-0.03350233,0.15703469,-0.23171596,0.14388189,0.29691131,-0.16528911,-0.11063175,-0.34234062,0.10747412,-0.44886855,0.24202984,0.096069423,0.43889937,-0.45719948,0.56796438,0.55444906,-0.19755425,0.26509313,0.067183685,0.070729631,0.25243755,-0.57782877,0.73957855,-0.60210213,0.14518879,-1.7520417,-1.7520417,-1.7520417,-1.7520417,-1.7520417,-1.7520417,-1.7520417,-1.7520417,-1.7520417,-1.7520417,1.7329316,1.7329316,1.7329316,1.7329316,1.7329316,1.7329316,1.7329316,1.7329316,1.7329316,-0.40713795,-0.64754061,0.037212789,0.35641483,-0.13806629,0.10227944,0.051107726,0.47104173,-0.21519415,0.25676695,-0.081875803,-0.54058151,-0.78120404,0.30347053,-0.11704756,0.098885755,0.00718052,-0.056736599,-0.11326897,0.062339893,2
1.5127115,1.5127115,1.5127115,1.5127115,1.5127115,1.5127115,1.5127115,1.5127115,1.5127115,1.5127115,1.5127115,1.5127115,1.5127115,1.5127115,1.5127115,1.5127115,-1.531539,-1.531539,-1.531539,-1.531539,-1.531539,-1.531539,-1.531539,-1.531539,-1.531539,-1.531539,-1.531539,-1.531539,-1.531539,-1.531539,-1.531539,0.4694043,-0.52360556,-0.29174908,-0.18732668,0.064569088,0.20449534,-0.068266944,0.31134544,0.013932815,0.41828673,0.23208197,0.090992513,-1.531539,-1.531539,-1.531539,-1.531539,-1.531539,-1.531539,-1.531539,-1.531539,-1.531539,-1.531539,-1.531539,1.5127115,1.5127115,1.5127115,1.5127115,1.5127115,1.5127115,1.5127115,1.5127115,1.5127115,1.5127115,0.22761321,-0.34899557,0.0156442,0.62387212,0.23507734,-0.20899304,0.29548212,-0.16990849,0.51068735,-0.27764637,0.074717995,-0.18036662,0.03682978,0.41103898,0.52033418,0.085539061,0.47736976,-0.3412443,-0.26504733,-0.34119236,0.14079168,-0.54673154,0.58453858,0.59299249,-0.047691527,-0.30627874,-0.016195976,0.029125513,-0.55466483,0.17559558,0.11631176,-0.1343674,-0.051600473,-0.50636301,-0.11650738,0.0071650106,0.19074082,-0.093811393,0.26349168,-0.42762207,-0.37565358,-0.18173438,-0.11512057,0.2542287,-0.13987023,-0.22153997,-0.10288239,-0.12083502,0.038408815,-0.2859167,-0.11129996,-0.075652834,0.14475492,-0.020340906,0.24229257,0.18529889,-0.5033816,0.090773001,-0.35264021,0.46854917,-0.25777576,0.10257746,0.26245432,0.15093046,2
-0.31261051,0.022793374,0.21490946,-0.25901062,-0.23978982,0.028630968,0.47403261,-0.55013015,-0.20968089,-0.038683929,-0.2218147,-0.32366246,-0.52765911,1.7614217,1.7614217,1.7614217,1.7614217,1.7614217,1.7614217,1.7614217,1.7614217,1.7614217,-1.7519463,-1.7519463,-1.7519463,-1.7519463,-1.7519463,-1.7519463,-1.7519463,-1.7519463,0.029111921,0.07276729,0.079923645,0.075197497,-0.14373746,-0.17894038,-0.30160789,0.41009581,0.38710707,0.26636662,-0.72510973,-0.073452496,-0.15723631,-0.040187791,-0.24987723,0.29614339,0.056164177,0.39350945,-0.13349842,0.013599804,-0.43207143,-0.083233326,-0.045981732,0.1918547,0.42749018,-0.13418854,-0.088522284,-0.09286636,0.056694457,0.2418269,0.069203561,0.22826201,0.40473006,-0.43000603,0.35541468,0.13705973,0.078134181,0.37244523,-0.4645418,0.10333125,-0.18983572,-0.20078768,0.39258905,0.3020052,-0.47815958,0.59341384,0.21852189,-1.7519463,-1.7519463,-1.7519463,-1.7519463,-1.7519463,-1.7519463,-1.7519463,-1.7519463,-1.7519463,-1.7519463,-1.7519463,1.7614217,1.7614217,1.7614217,1.7614217,1.7614217,1.7614217,1.7614217,1.7614217,1.7614217,1.7614217,0.16563295,-0.48348135,0.50264379,-0.06994846,-0.12696351,-0.37244634,0.080440985,-0.40046212,0.19472358,-0.64503367,0.40001888,-0.0038666638,0.49738017,0.36403008,0.39461574,0.3435443,-0.61130274,-0.44728656,-0.19540692,-0.28317372,-0.25012731,0.63223406,-0.067266748,0.48583837,0.20096947,-0.57740155,0.092907869,-0.30726784,-0.15731242,0.79729044,2
0.28096614,-0.33820778,0.309937,0.3683594,-0.062236355,-0.10659511,-0.23103594,-0.061138341,0.046198378,-0.10672483,0.38280893,0.36061194,0.069117802,0.15080508,-0.32825061,0.41208175,-0.1163872,-0.067556557,-0.1634873,0.6723146,-0.51431462,-0.068134993,0.15798265,0.14713417,-0.091551923,0.14135995,0.030532406,-0.47460483,-0.071497904,0.42636966,-0.13253249,0.11932477,-0.068701055,-0.33867851,0.078580241,0.25866924,-0.52696154,0.45592489,1.5818408,1.5818408,1.5818408,1.5818408,1.5818408,1.5818408,1.5818408,1.5818408,1.5818408,1.5818408,1.5818408,1.5818408,1.5818408,1.5818408,1.5818408,1.5818408,-1.6009109,-1.6009109,-1.6009109,-1.6009109,-1.6009109,-1.6009109,-1.6009109,-1.6009109,-1.6009109,-1.6009109,-1.6009109,-1.6009109,-1.6009109,-1.6009109,-1.6009109,-0.21415542,-1.6009109,-1.6009109,-1.6009109,-1.6009109,-1.6009109,-1.6009109,-1.6009109,-1.6009109,1.5818408,1.5818408,1.5818408,1.5818408,1.5818408,1.5818408,1.5818408,1.5818408,-0.18348026,0.14999222,-0.30350469,-1.1686471,-0.13077506,0.094121948,0.43972751,0.0082587524,0.092577954,-0.045646268,-0.23680433,-0.4929468,-0.28323471,-0.26720472,0.21869919,0.22100778,-0.85864513,-0.19967731,-0.18234766,0.0234382,-0.07803175,0.26901977,-0.27451615,0.44344481,0.084092601,0.13388955,0.095054367,0.09276919,-0.16638485,0.69620023,-0.1788341,-0.20177741,0.0065011173,0.22670527,0.21105037,0.1147492,-0.21567133,-0.20467435,0.10765753,-0.62382795,0.23303876,0.40508097,2
-0.30582788,-0.046118955,0.43056644,-0.52827285,-0.74965074,0.20070421,-0.2708536,0.32375201,-0.1918888,-0.14098639,-0.18239886,0.50640562,-0.35645462,0.54867758,-0.36325503,-0.72225146,0.28347553,0.031965811,-0.11599667,-0.30076343,0.24598711,-0.20266798,-0.06222559,0.012116695,-0.20027889,0.37309617,-0.05445743,0.43437119,-0.18301114,0.30666166,0.11678966,0.44307971,0.018644217,-0.020801729,-0.33921038,0.33690803,0.23862762,0.1827839,0.37982286,-0.14078881,0.36624428,-0.075721681,0.28666226,0.074618594,0.17896958,-0.19413691,0.19536261,0.063813185,0.16854696,-0.26287744,0.10252287,0.15073505,0.14262109,-0.77102939,0.080394882,-0.1868269,1.4987218,1.4987218,1.4987218,1.4987218,1.4987218,1.4987218,1.4987218,1.4987218,1.4987218,1.4987218,1.4987218,1.4987218,1.4987218,1.4987218,-1.5424288,-1.5424288,-1.5424288,-1.5424288,-1.5424288,-1.5424288,-1.5424288,-1.5424288,-1.5424288,-1.5424288,-1.5424288,-1.5424288,-1.5424288,-1.5424288,-0.020703049,-0.067757717,0.26073174,-0.55157579,0.065902084,-1.5424288,-1.5424288,-1.5424288,-1.5424288,-1.5424288,-1.5424288,-1.5424288,-1.5424288,-1.5424288,-1.5424288,-1.5424288,-1.5424288,1.4987218,1.4987218,1.4987218,1.4987218,1.4987218,1.4987218,1.4987218,1.4987218,1.4987218,1.4987218,1.4987218,1.4987218,0.055226517,0.21296479,-0.065197299,0.12326023,0.062038339,0.13488239,-0.52682946,0.2686685,-0.048089593,-0.15823323,-0.046828369,0.095583039,0.27208949,0.63042472,0.18365116,2
0.39130023,-0.14103649,-0.14460386,-0.2356758,0.098779929,0.1207905,0.37930935,-0.018756207,0.32311415,-0.30225545,-0.082822801,-0.24798285,-0.66742629,0.48783534,-0.22620066,0.25939909,-0.071496409,-0.15771409,-0.33807549,0.20142856,0.024750662,0.06039513,0.12092096,0.023339426,0.23336804,0.2756602,0.36320372,0.20872589,-0.24856407,0.061478159,-0.24880705,-0.32989697,-0.15174471,-0.041352858,0.62072353,-0.16199577,0.50149164,0.11054378,-0.10614612,0.23460982,-0.32122899,-0.20560915,-0.25261408,0.053106924,0.2838248,0.25113594,0.077545358,-0.23136053,0.21413106,-0.16066061,1.6673306,1.6673306,1.6673306,1.6673306,1.6673306,1.6673306,1.6673306,1.6673306,1.6673306,1.6673306,1.6673306,1.6673306,-1.6678997,-1.6678997,-1.6678997,-1.6678997,-1.6678997,-1.6678997,-1.6678997,-1.6678997,-1.6678997,-1.6678997,-1.6678997,-1.6678997,-1.6678997,-1.6678997,-1.6678997,-1.6678997,-1.6678997,-1.6678997,-1.6678997,-1.6678997,-1.6678997,-1.6678997,1.6673306,1.6673306,1.6673306,1.6673306,1.6673306,1.6673306,1.6673306,1.6673306,1.6673306,0.075960483,-0.63998555,0.48391258,0.35229688,0.25586431,0.11334731,0.27933128,-0.26154689,0.53672121,0.076364883,-0.047091417,0.20065343,-0.051361419,-0.11895005,0.24929376,-0.26914782,0.36097829,-0.48650799,-0.12163554,0.018078764,0.49094578,0.24341534,-0.27360189,0.41913216,-0.43930814,0.35016934,-0.36176957,-0.43076338,-0.39405923,-0.13103554,-0.38290092,0.35862188,-0.34035779,0.55157396,0.12632785,2
0.11789864,0.43012665,0.50534994,1.5676119,1.5676119,1.5676119,1.5676119,1.5676119,1.5676119,1.5676119,1.5676119,1.5676119,1.5676119,1.5676119,1.5676119,1.5676119,1.5676119,1.5676119,-1.5643533,-1.5643533,-1.5643533,-1.5643533,-1.5643533,-1.5643533,-1.5643533,-1.5643533,-1.5643533,-1.5643533,-1.5643533,-1.5643533,-1.5643533,-1.5643533,-1.5643533,-0.048351067,-0.18959379,0.052938772,-0.051712884,0.50038634,0.10497058,0.2888931,-0.34948449,0.45297052,0.32905858,0.47804628,-0.54836049,-0.15417359,-0.32033238,0.33223774,0.15023451,0.28022826,0.066483676,0.077259916,-0.41852835,-0.17402283,-0.70580472,0.22407592,-0.053621137,-0.30200997,-0.01947857,-0.34989415,-0.24116476,0.069598706,0.51263048,0.52007603,-0.073830136,0.20044382,0.16817969,-1.5643533,-1.5643533,-1.5643533,-1.5643533,-1.5643533,-1.5643533,-1.5643533,-1.5643533,-1.5643533,-1.5643533,1.5676119,1.5676119,1.5676119,1.5676119,1.5676119,1.5676119,1.5676119,1.5676119,1.5676119,-0.076570114,-0.37849723,0.18380334,-0.76815372,-0.35003841,0.52124958,-0.1985514,0.040530637,0.29141797,0.12094333,0.065889965,0.22416371,0.234105,-0.20655518,-0.20495291,0.23844239,0.40360931,-0.18995591,0.07893236,-0.41664429,0.0074800119,-0.094342058,0.13715767,0.11728615,0.17879343,-0.40081336,-0.31781876,0.24084701,-0.059820574,-0.11182956,0.039111406,0.30565669,-0.13154338,-0.20663273,-0.35754811,0.30616348,0.39377985,-0.083317513,0.11684313,-0.32946513,0.087840721,0.17342448,2
0.18487979,0.083948767,-0.03437938,0.22897516,-0.055322992,0.89610161,0.78023191,-0.03380171,0.51966423,1.0384763,0.263321,-0.79931497,0.031464605,0.012188842,-0.049055134,-0.55882837,0.43958051,-0.093336967,-0.49481468,-0.38849269,0.15390789,0.29274611,-0.37187669,-0.60995464,0.29800573,-1.0244003,-0.2884767,-0.043058536,-0.37879228,-0.45390481,0.52012914,-0.47982911,0.40435804,0.027030116,0.285634,0.20059026,-0.37350534,-0.58321278,0.30723766,-0.30437235,0.27859254,-0.33494731,0.42481469,-0.079023504,-0.47890224,-0.35927257,0.21977669,0.18464131,0.52546511,0.27052603,-0.52048357,-0.44470039,-0.87860313,0.28030728,-0.038131554,1.8403571,1.8403571,1.8403571,1.8403571,1.8403571,1.8403571,1.8403571,1.8403571,1.8403571,-1.8074705,-1.8074705,-1.8074705,-1.8074705,-1.8074705,-1.8074705,-1.8074705,-1.8074705,-1.8074705,-0.22520283,0.3757584,-1.8074705,-1.8074705,-1.8074705,-1.8074705,-1.8074705,-1.8074705,-1.8074705,-1.8074705,1.8403571,1.8403571,1.8403571,1.8403571,1.8403571,1.8403571,1.8403571,1.8403571,-0.025560348,-0.0059685029,-0.014161533,-0.081487487,0.30793151,0.062775419,-0.26493603,0.067987887,0.15643819,0.74576052,-0.15856032,-0.16365799,0.11928074,-0.18047151,0.20557859,0.21307336,0.093846155,-0.24670333,-0.31047223,0.31496714,-0.12834917,-0.36363887,0.58886041,-0.0011839327,0.36083712,-0.30891085,0.26188199,-0.10440951,-0.14279934,-0.14786063,-0.22673653,-0.31694427,0.067227556,0.017585765,0.13570997,-0.5636721,0.72731342,2
0.2303793,0.49096649,0.35883306,-0.23096511,0.090224785,-0.50147326,-0.33932938,0.066836482,0.23294938,0.028325503,0.23170201,0.016587095,0.14365201,0.28534305,0.071382826,-1.6801291,-1.6801291,-1.6801291,-1.6801291,-1.6801291,-1.6801291,-1.6801291,-1.6801291,-1.6801291,-1.6801291,-1.6801291,-1.6801291,-1.6801291,1.6600859,1.6600859,1.6600859,1.6600859,1.6600859,1.6600859,1.6600859,1.6600859,1.6600859,1.6600859,1.6600859,1.6600859,-0.16328428,0.096866586,-0.6035321,0.25774259,-0.14132001,-0.29348153,-0.43528911,0.409104,0.87897646,0.4880588,0.051818545,0.38952406,0.3077399,0.50258019,0.054010775,-0.23488537,0.16741434,0.52881961,-0.26021885,0.23290647,0.5161471,0.0868569,-0.14512941,-0.91453742,-0.14174021,0.38031769,-0.3823627,-0.0032940819,0.44991127,0.12914505,-0.31329689,-0.72994267,0.11114098,0.32361185,-0.24927233,0.47836216,-0.26719819,-0.10917514,0.57007922,-0.27120226,0.46438787,-0.3135962,-0.52393865,-0.15864045,0.031504136,-0.090675938,-0.35230537,0.16836839,0.024810979,-0.26356825,-0.19796841,0.22407676,0.25016401,-0.350944,-0.14000862,-0.44532325,0.43899348,-0.74482917,-0.073500228,-0.25037801,0.30118808,-0.0067173564,-0.023323636,1.6600859,1.6600859,1.6600859,1.6600859,1.6600859,1.6600859,1.6600859,1.6600859,1.6600859,-1.6801291,-1.6801291,-1.6801291,-1.6801291,-1.6801291,-1.6801291,-1.6801291,-1.6801291,0.10503578,-0.26483763,0.30659404,-0.075227965,-0.22219207,0.21074476,-0.25542933,-0.27894241,1
0.40425716,0.82427713,-0.42797476,-0.34573991,0.46175413,0.21183856,0.39538923,0.0091440504,-0.17310234,-0.10279074,-0.076250067,-0.3977648,0.10332865,0.081351873,-0.035060245,-0.070433494,0.35982924,0.25409701,0.49462736,0.15821895,-0.30033169,0.59896941,-0.24359466,-0.036670534,-0.3393907,-0.14257284,-0.45614141,0.040436968,-0.24551073,0.055260067,0.17614776,-0.038769419,-0.088944605,-0.068159535,0.41053521,0.080132998,0.39407881,0.57787797,-0.13201701,-0.29837501,0.088075803,-0.18196019,0.11935179,-0.079411339,0.28274399,0.36037508,-0.28412627,0.18410807,-0.2192124,0.20069274,-0.3652351,-0.29480253,-0.030131257,0.37338219,-0.22498874,-0.4592362,-0.095930432,-0.4678114,-0.090039935,-0.26963485,-0.065168091,0.025264409,-0.33005314,0.37155931,0.1726464,-0.027899514,-0.20995917,-0.28763247,0.27420349,0.22685191,0.26559492,-0.36095683,-0.13170467,0.0089182288,0.13584814,-0.077741431,0.2149218,0.5156006,0.14697842,-0.23560584,0.58344638,-0.63313122,0.00066668141,-0.51789276,-0.21069195,-0.17352974,-0.102983,-1.7564054,-1.7564054,-1.7564054,-1.7564054,-1.7564054,-1.7564054,-1.7564054,-1.7564054,-1.7564054,1.7836564,1.7836564,1.7836564,1.7836564,1.7836564,1.7836564,1.7836564,1.7836564,1.7836564,1.7836564,1.7836564,1.7836564,1.7836564,1.7836564,1.7836564,1.7836564,1.7836564,1.7836564,1.7836564,-1.7564054,-1.7564054,-1.7564054,-1.7564054,-1.7564054,-1.7564054,-1.7564054,-1.7564054,-1.7564054,-1.7564054,-0.22791288,-0.0026106635,-0.48296201,1
-0.09884562,-0.25950762,-0.34375018,0.18880384,0.43368576,0.072041412,-0.053599095,0.55763964,-0.38883274,-0.35596133,0.44345249,-0.37202702,0.74813191,0.0066493493,-1.5579763,-1.5579763,-1.5579763,-1.5579763,-1.5579763,-1.5579763,-1.5579763,-1.5579763,-1.5579763,-1.5579763,-1.5579763,-1.5579763,-1.5579763,1.5088665,1.5088665,1.5088665,1.5088665,1.5088665,1.5088665,1.5088665,1.5088665,1.5088665,1.5088665,1.5088665,1.5088665,1.5088665,-0.057082886,-0.13289709,0.28125853,-0.34950201,0.47683231,0.014544881,0.39890599,0.48236656,0.15203945,-0.071144841,-0.53841631,0.18801662,0.061212706,0.26977731,-0.0048710341,0.13394372,-0.7267237,0.25983948,0.17091802,-0.3953027,0.45102373,0.050879445,-0.019678588,-0.77642735,0.17413605,0.50178927,0.34476032,0.45791299,-0.25512879,0.4358742,0.42966801,0.027304493,-0.034218686,-0.33552708,0.061431939,-0.29549678,-0.24551886,0.16489288,-0.60451483,-0.0111998,-0.31180599,-0.23496046,1.5088665,1.5088665,1.5088665,1.5088665,1.5088665,1.5088665,1.5088665,1.5088665,1.5088665,1.5088665,1.5088665,1.5088665,-1.5579763,-1.5579763,-1.5579763,-1.5579763,-1.5579763,-1.5579763,-1.5579763,-1.5579763,-1.5579763,-1.5579763,-1.5579763,-1.5579763,0.60722552,0.46272631,0.060494558,-0.051829666,0.079572035,0.36924081,-0.075000498,-0.068738572,-0.5216599,0.48857072,0.11377484,-0.28382485,-0.10808952,-0.48030071,0.61458542,-0.091324879,0.087115643,-0.48223184,-0.064078231,-0.21253233,0.26206312,-0.64480508,1
-0.20840839,0.52997543,0.2009618,-0.36458692,-0.47141436,0.25089531,-0.41063404,0.14846055,0.13943545,-0.48297616,0.41423996,0.27635383,0.59833591,0.1607338,-0.010573703,-0.010573703,0.0016254318,-0.54611093,-0.14094405,0.27674375,0.12561134,-0.51169334,0.23014254,-0.0044712125,-0.043664876,0.02001231,0.0028419312,-0.18093587,-0.023166032,0.081655667,-0.073757826,0.18442838,0.055057714,0.23136134,-0.13028208,-1.471265,-1.471265,-1.471265,-1.471265,-1.471265,-1.471265,-1.471265,-1.471265,-1.471265,-1.471265,-1.471265,-1.471265,-1.471265,-1.471265,-1.471265,-1.471265,1.4232361,1.4232361,1.4232361,1.4232361,1.4232361,1.4232361,1.4232361,1.4232361,1.4232361,1.4232361,1.4232361,1.4232361,1.4232361,1.4232361,1.4232361,-0.096475938,0.18221314,0.32039257,0.35513529,-0.046158697,0.1530831,-0.53589461,0.033697859,-0.24779658,0.15450853,-0.073656869,0.22223471,-0.33227014,0.047748184,0.13391009,-0.47561999,-0.38898517,0.30200959,-0.31386881,0.2913239,0.40794248,-0.22138131,0.32722385,0.32846982,-0.072896556,0.47882199,1.4232361,1.4232361,1.4232361,1.4232361,1.4232361,1.4232361,1.4232361,1.4232361,1.4232361,1.4232361,1.4232361,1.4232361,1.4232361,1.4232361,-1.471265,-1.471265,-1.471265,-1.471265,-1.471265,-1.471265,-1.471265,-1.471265,-1.471265,-1.471265,-1.471265,-1.471265,-1.471265,-0.066855008,-0.053285732,0.63532853,-0.02478695,-0.37692164,0.070866842,0.077557788,-0.046369928,-0.071086714,1
-0.39962812,-0.23650616,-0.71568652,0.29629626,-0.26703496,-0.0097100586,-0.18982228,0.35220987,-0.039408781,0.075347264,0.16911152,-0.14382603,-0.24288839,-0.47713678,0.014188539,-0.1902607,-0.34524822,0.4938507,-0.43505012,0.46467485,-0.53385316,-0.54922395,0.62230215,-0.10768937,-0.06679791,0.35361699,0.37809622,-0.075218104,-1.4680813,-1.4680813,-1.4680813,-1.4680813,-1.4680813,-1.4680813,-1.4680813,-1.4680813,-1.4680813,-1.4680813,-1.4680813,-1.4680813,-1.4680813,-1.4680813,-1.4680813,1.5073072,1.5073072,1.5073072,1.5073072,1.5073072,1.5073072,1.5073072,1.5073072,1.5073072,1.5073072,1.5073072,1.5073072,1.5073072,1.5073072,1.5073072,-0.066135439,-0.08726541,-0.39930815,-0.079307371,0.12469447,0.18166037,-0.019987769,-0.17754364,-0.51431884,-0.18177562,-0.42067373,0.10572901,0.21152274,0.25221401,-0.46139733,-0.40659919,0.3471252,-0.16061862,0.18624553,-0.15240883,0.29271275,0.34072564,1.5073072,1.5073072,1.5073072,1.5073072,1.5073072,1.5073072,1.5073072,1.5073072,1.5073072,1.5073072,1.5073072,1.5073072,-1.4680813,-1.4680813,-1.4680813,-1.4680813,-1.4680813,-1.4680813,-1.4680813,-1.4680813,-1.4680813,-1.4680813,-1.4680813,-1.4680813,-0.016312786,0.28543561,0.086184566,0.53898068,0.27428655,-0.020601398,-0.13729784,-0.14219564,-0.47873313,0.090115447,-0.18933216,-0.12736846,0.23566872,0.36208664,0.040134274,0.50933474,0.17682348,0.12416979,0.28968055,-0.4296799,0.14369938,-0.64182081,0.53489226,0.32275584,1
-0.16283987,0.32106043,-0.22804525,0.20370624,0.38283261,0.008181819,-0.17145794,0.23199512,-0.17515959,-0.22323489,0.0014181741,-0.1339099,0.4542197,0.074320375,0.039158327,0.15135427,-0.1062087,0.20312574,0.12925804,-0.11663893,0.20323676,0.11941327,-0.013267736,-0.034204389,0.11514768,-0.12754971,-0.2596923,-0.20811932,0.32231331,-0.0063400928,-0.47914219,0.037984998,0.67262979,0.095105595,0.24151328,0.27166811,-0.52317612,-0.11568109,0.093960613,-0.30410731,-0.23423049,-0.37742341,0.49392686,0.093265581,-0.13511642,0.030972538,-0.25276774,0.14711705,0.52489811,-0.3180098,0.35580233,-0.111474,-0.097136557,-0.74103036,-0.20380568,0.21192182,0.45883507,-0.47479408,-0.39788477,-0.37618126,0.15912906,-0.055779215,0.15627522,0.52325552,-0.51670876,-1.5744102,-1.5744102,-1.5744102,-1.5744102,-1.5744102,-1.5744102,-1.5744102,-1.5744102,-1.5744102,-1.5744102,-1.5744102,1.5834472,1.5834472,1.5834472,1.5834472,1.5834472,1.5834472,1.5834472,1.5834472,1.5834472,1.5834472,-0.039133271,-0.27626959,0.2249744,-0.087236974,-0.16382885,-0.70399207,0.30903691,0.40812184,-0.2123004,-0.23224143,0.46994119,0.051766764,0.71354173,1.5834472,1.5834472,1.5834472,1.5834472,1.5834472,1.5834472,1.5834472,1.5834472,1.5834472,1.5834472,1.5834472,1.5834472,1.5834472,1.5834472,-1.5744102,-1.5744102,-1.5744102,-1.5744102,-1.5744102,-1.5744102,-1.5744102,-1.5744102,-1.5744102,-1.5744102,-1.5744102,-1.5744102,-1.5744102,-0.34584963,-0.18130442,1
-0.053264412,0.1551761,-0.23360765,0.010691151,0.19938925,0.34994711,0.18831631,0.28823805,0.22446384,-0.0021947285,-0.29580081,0.19465694,0.020663005,-0.10719283,-0.18590616,0.45823226,0.31508174,-0.41900477,0.0055708443,0.45824712,-0.11102292,-0.10226233,-0.079991524,-0.18653315,0.49695666,-0.059252098,-0.24637052,-0.20994333,-0.13338971,0.18702424,-0.39250201,0.15872945,-1.4911799,-1.4911799,-1.4911799,-1.4911799,-1.4911799,-1.4911799,-1.4911799,-1.4911799,-1.4911799,-1.4911799,-1.4911799,-1.4911799,-1.4911799,-1.4911799,-1.4911799,1.463127,1.463127,1.463127,1.463127,1.463127,1.463127,1.463127,1.463127,1.463127,1.463127,1.463127,1.463127,1.463127,1.463127,0.1349818,-0.24247417,-0.42083157,0.014811406,0.35226311,0.38650792,-0.23969915,0.050013501,0.13214912,0.34264291,-0.02870037,-0.33899869,1.463127,1.463127,1.463127,1.463127,1.463127,1.463127,1.463127,1.463127,1.463127,1.463127,1.463127,1.463127,1.463127,1.463127,-1.4911799,-1.4911799,-1.4911799,-1.4911799,-1.4911799,-1.4911799,-1.4911799,-1.4911799,-1.4911799,-1.4911799,-1.4911799,-1.4911799,-1.4911799,0.34705543,-0.34058861,0.26360418,0.066919079,-0.066464004,-0.35874424,-0.011973276,0.16674824,0.031646862,-0.14870736,-0.20400762,0.62127685,-0.012597332,0.15935585,-0.29076636,-0.14098693,-0.70951529,0.23314868,-0.14815636,-0.26753557,0.3208577,-0.19168304,0.17220703,0.23888901,0.17448314,0.13757734,-0.087490299,-0.20488304,1
-0.48450261,0.12602004,0.018131426,-0.020741232,0.21264524,-0.38549331,0.40986362,-0.030175356,0.16526423,-0.14750448,-0.37341861,-0.20518203,-0.022911115,0.2290676,0.29435525,0.34563495,0.25407512,0.021627048,-0.36222404,0.19194025,-0.28392832,-0.30793401,-0.32738016,-0.57587827,-0.23679651,0.3221273,0.12425033,0.35371319,0.48473657,0.0021235014,-0.29694371,-0.33644068,-0.36432985,-0.18593005,0.32209079,-1.4493137,-1.4493137,-1.4493137,-1.4493137,-1.4493137,-1.4493137,-1.4493137,-1.4493137,-1.4493137,-1.4493137,-1.4493137,-1.4493137,-1.4493137,1.4995744,1.4995744,1.4995744,1.4995744,1.4995744,1.4995744,1.4995744,1.4995744,1.4995744,1.4995744,1.4995744,1.4995744,1.4995744,0.032807616,-0.10981685,-0.20521001,-0.05682658,-0.37232163,0.1493749,0.46641002,-0.076696527,0.29544965,-0.090928126,0.20786314,-0.083568654,0.12248844,1.4995744,1.4995744,1.4995744,1.4995744,1.4995744,1.4995744,1.4995744,1.4995744,1.4995744,1.4995744,1.4995744,1.4995744,1.4995744,1.4995744,1.4995744,-1.4493137,-1.4493137,-1.4493137,-1.4493137,-1.4493137,-1.4493137,-1.4493137,-1.4493137,-1.4493137,-1.4493137,-1.4493137,-1.4493137,-1.4493137,-1.4493137,-1.4493137,-0.35306439,0.48973384,-0.25991696,-0.14248019,-0.20017285,0.6347519,0.2037569,0.026735359,-0.056560154,0.00081134916,0.11318705,-0.38995008,-0.18751904,-0.21903779,0.070661996,0.18137242,0.33928254,-0.24854538,-0.35602026,-0.2483578,-0.059735481,0.019242858,-0.16429227,0.18984033,1
-0.18614491,-0.30950973,0.128493,-0.54622637,-0.11576929,-0.24465292,-0.13285973,-0.085820433,0.2246377,0.55373929,0.54051318,-0.13935073,0.048423829,-0.28276167,-0.44752625,0.1415443,-0.28609647,0.11154506,-0.11308694,-0.27154929,0.075343471,-0.57342945,-0.075808291,0.14160216,-0.45026946,0.062419087,-0.16922753,-0.054731961,0.45011101,0.55503853,0.17461179,0.010715511,0.10300101,-0.10023177,-0.38796071,0.3407993,-0.067989158,0.46782958,0.5913636,-0.054158365,-0.045185416,-0.51084061,0.026510385,-0.42903967,0.12797426,-0.3466053,0.20512868,-0.15246184,-0.25607697,-1.4822461,-1.4822461,-1.4822461,-1.4822461,-1.4822461,-1.4822461,-1.4822461,-1.4822461,-1.4822461,-1.4822461,-1.4822461,-1.4822461,-1.4822461,1.5369806,1.5369806,1.5369806,1.5369806,1.5369806,1.5369806,1.5369806,1.5369806,1.5369806,1.5369806,1.5369806,1.5369806,1.5369806,0.48491454,-0.11498824,-0.20595628,-0.44249446,0.16790546,-0.17181716,0.19558037,0.2711856,0.17511656,-0.37046006,1.5369806,1.5369806,1.5369806,1.5369806,1.5369806,1.5369806,1.5369806,1.5369806,1.5369806,1.5369806,1.5369806,1.5369806,1.5369806,1.5369806,-1.4822461,-1.4822461,-1.4822461,-1.4822461,-1.4822461,-1.4822461,-1.4822461,-1.4822461,-1.4822461,-1.4822461,-1.4822461,-1.4822461,-1.4822461,-0.22227636,-0.052687802,0.020639886,-0.072174577,-0.47351925,-0.14041567,0.15424283,0.18844288,-0.27116186,-0.40590591,0.14813544,0.21515731,-0.02030502,-0.35411672,-0.12567881,0.21658448,1
0.54659645,0.44724189,-0.13421118,-1.4686589,-1.4686589,-1.4686589,-1.4686589,-1.4686589,-1.4686589,-1.4686589,-1.4686589,-1.4686589,-1.4686589,-1.4686589,-1.4686589,-1.4686589,-1.4686589,-1.4686589,1.4327267,1.4327267,1.4327267,1.4327267,1.4327267,1.4327267,1.4327267,1.4327267,1.4327267,1.4327267,1.4327267,1.4327267,1.4327267,1.4327267,1.4327267,-0.099487826,-0.20242858,-0.25030077,0.23118006,-0.50762494,-0.056971441,-0.12286431,-0.41456392,0.26869296,0.45617294,-0.44143139,0.13069921,-0.32105981,-0.1053247,0.060301149,-0.23364005,0.030046939,-0.0049228873,0.15857124,0.025300878,-0.38169633,0.13016494,0.29003945,-0.12016112,-0.14300734,-0.19311001,0.21664244,0.037209,-0.089088056,0.13352105,0.51678303,1.4327267,1.4327267,1.4327267,1.4327267,1.4327267,1.4327267,1.4327267,1.4327267,1.4327267,1.4327267,1.4327267,1.4327267,1.4327267,1.4327267,-1.4686589,-1.4686589,-1.4686589,-1.4686589,-1.4686589,-1.4686589,-1.4686589,-1.4686589,-1.4686589,-1.4686589,-1.4686589,-1.4686589,-1.4686589,-1.4686589,0.55026374,-0.2344173,0.24729695,-0.065730121,-0.49698263,-0.051866566,0.036782041,0.014308787,0.43346292,-0.16905158,0.28387807,0.17051287,-0.16298038,0.054234389,-0.30734468,0.17644346,0.3189882,0.024663682,0.19832319,0.043350003,0.03931943,-0.25141486,0.56566775,0.29296712,-0.15747994,0.083291037,0.11110064,0.08541726,-0.40014685,0.53412504,-0.013962048,-0.2316217,-0.12490874,-0.024427179,-0.08188722,-0.30541154,1
0.15811278,-0.089369314,-0.49463519,-0.35313026,-0.1299959,0.23509235,-0.42928023,0.7337604,-0.26981351,-0.43131493,-0.1625122,-0.25293475,0.42637529,0.43722856,0.11532746,0.13786415,-0.27296608,-0.2036664,0.050453671,-0.06701655,-0.016230704,0.039606326,-0.35505129,0.0065799305,-0.12372301,-0.30003783,-0.7281759,-0.1125035,-0.40146902,-0.030556952,0.35932719,-0.11069009,0.48544883,0.15394561,0.53845525,-0.18204542,0.13231381,0.067663695,-0.12176619,-0.20319884,-0.83588273,-0.1522222,-0.17484565,0.39683088,0.64176326,-0.38432971,-0.19967258,0.64248779,0.40073475,-0.15532862,-0.36880413,0.19396587,-0.17545788,-0.096146153,-0.54648109,0.06028742,-0.051270482,0.69805953,0.043683054,0.086249933,-0.32128639,0.37392567,-0.26187843,1.5633155,1.5633155,1.5633155,1.5633155,1.5633155,1.5633155,1.5633155,1.5633155,1.5633155,1.5633155,1.5633155,1.5633155,1.5633155,1.5633155,-1.6013715,-1.6013715,-1.6013715,-1.6013715,-1.6013715,-1.6013715,-1.6013715,-1.6013715,-1.6013715,-1.6013715,-1.6013715,-1.6013715,-1.6013715,1.5633155,1.5633155,1.5633155,1.5633155,1.5633155,1.5633155,1.5633155,1.5633155,1.5633155,1.5633155,-1.6013715,-1.6013715,-1.6013715,-1.6013715,-1.6013715,-1.6013715,-1.6013715,-1.6013715,-1.6013715,-1.6013715,0.51816736,0.59383341,0.030705815,0.20751547,-0.2174008,-0.20136872,0.049177808,-0.32191334,0.51066009,-0.48771782,-0.056251488,0.15110431,-0.47260036,-0.036582132,0.036110869,0.57189254,-0.034520392,0.42130721,0
-0.044753108,0.58762822,-0.24310267,0.31449788,-0.31567341,0.35763689,0.2450258,0.30038622,-0.38705692,0.069891232,-0.71864141,0.022610797,-0.17749736,-0.070850746,0.55274547,0.48245208,-0.21712283,-0.42020094,0.053210202,0.1028328,-0.038387196,0.17091772,-0.31240368,-0.13583531,0.031023488,0.60112405,0.74921235,0.12308735,-0.032173675,0.55245362,-0.15273968,-0.39808456,-0.11845526,0.084074112,-0.47412971,0.10573539,-0.67140357,-0.048104142,0.77525062,-0.32663147,-0.86375951,0.045270912,-0.43365684,-0.25772503,0.10929113,0.0049157472,-0.10981362,0.036414202,0.15056106,-0.66073039,-0.14880254,0.10133968,0.10626211,-0.088949064,1.7045792,1.7045792,1.7045792,1.7045792,1.7045792,1.7045792,1.7045792,1.7045792,-1.6882684,-1.6882684,-1.6882684,-1.6882684,-1.6882684,-1.6882684,-1.6882684,-1.6882684,-0.15110148,0.37686426,0.28377612,-0.10299048,0.25267657,0.3525941,-0.025446594,0.068181919,-0.15940821,-0.12035956,0.15589215,-0.16682127,0.061418182,0.52184057,0.32351293,-0.35342328,-0.19233818,0.18950434,-0.05346625,-0.30066274,1.7045792,1.7045792,1.7045792,1.7045792,1.7045792,1.7045792,1.7045792,1.7045792,1.7045792,1.7045792,1.7045792,1.7045792,1.7045792,-1.6882684,-1.6882684,-1.6882684,-1.6882684,-1.6882684,-1.6882684,-1.6882684,-1.6882684,-1.6882684,-1.6882684,-1.6882684,-1.6882684,-0.0086377622,0.34040608,0.00087308106,-0.27676522,-0.29904959,-0.60132566,-0.28729791,-0.25089421,-0.073798893,-0.19491335,-0.1398319,-0.062207341,-0.10676221,0
-0.37975061,0.3005149,0.58970991,0.012016968,0.54763014,0.31220508,-0.91602467,0.06179068,-0.4532554,-0.049522048,0.60017474,0.40288591,0.49054781,0.26508882,-0.26166335,0.49537988,0.46323803,-0.57009539,0.29017615,-0.40735603,0.23568607,-0.14759602,0.14525731,-0.25819077,-0.089854332,-0.32120521,0.52552055,0.66612056,0.26878911,0.068577595,-0.16134225,-0.0072433284,-0.41083061,0.16169866,-0.12452151,0.5400205,-0.15571803,0.21495474,0.14184783,0.57691029,-0.10741802,-0.20374826,-0.51358277,-0.17657392,-0.11206014,-0.12180369,-0.61312684,0.20649154,-0.25842859,0.029500839,0.14633169,-0.27699384,0.071697902,-0.0618459,0.0062457416,0.11716228,0.24000266,0.07591639,0.20853961,0.23798012,-0.40183865,0.23426558,-0.028261085,0.070430294,-0.050112866,-0.46971173,-0.069444485,-0.43729092,-0.052023866,0.11348947,-0.30176413,-0.15059907,-0.31127285,-0.31961448,0.052631451,-0.006350022,1.6867707,1.6867707,1.6867707,1.6867707,1.6867707,1.6867707,1.6867707,1.6867707,1.6867707,1.6867707,1.6867707,1.6867707,1.6867707,-1.7027006,-1.7027006,-1.7027006,-1.7027006,-1.7027006,-1.7027006,-1.7027006,-1.7027006,-1.7027006,-1.7027006,-1.7027006,-1.7027006,1.6867707,1.6867707,1.6867707,1.6867707,1.6867707,1.6867707,1.6867707,1.6867707,-1.7027006,-1.7027006,-1.7027006,-1.7027006,-1.7027006,-1.7027006,-1.7027006,-1.7027006,-0.2219707,-0.67458795,-0.020751857,0.0017908869,-0.049147053,-0.2700398,0.11961335,0.28503938,0.012442978,-0.50245473,-0.47749897,0
-0.32995382,-0.0037360828,-0.22786784,0.052099212,-0.11768462,-0.11753177,-0.038441138,-0.17596102,0.23167018,-0.3617152,-0.092174312,-0.77137995,-0.19977582,0.72525955,0.12785349,-0.26885609,0.27991494,-0.19515121,0.1018019,-0.036493519,-0.21658583,-0.29214808,0.26933709,-0.30196809,0.52517667,0.18182694,0.36052476,-0.070918701,-0.38918731,1.5069869,1.5069869,1.5069869,1.5069869,1.5069869,1.5069869,1.5069869,1.5069869,1.5069869,1.5069869,1.5069869,1.5069869,-1.5096756,-1.5096756,-1.5096756,-1.5096756,-1.5096756,-1.5096756,-1.5096756,-1.5096756,-1.5096756,-1.5096756,-1.5096756,-0.20143453,0.48530843,-0.28383213,0.27007138,0.077973119,0.047883854,-0.12598384,0.19097539,-0.16803268,-0.31058612,-0.35950305,-0.37221726,-0.0089209544,-0.49205761,-0.2411574,0.2127414,-0.12841997,-0.038932154,0.20201957,0.44308779,-0.086034053,-0.17206778,0.12844955,-0.46543186,0.12702084,0.31324172,-0.40210116,0.27973522,1.5069869,1.5069869,1.5069869,1.5069869,1.5069869,1.5069869,1.5069869,1.5069869,1.5069869,1.5069869,1.5069869,1.5069869,1.5069869,1.5069869,1.5069869,-1.5096756,-1.5096756,-1.5096756,-1.5096756,-1.5096756,-1.5096756,-1.5096756,-1.5096756,-1.5096756,-1.5096756,-1.5096756,-1.5096756,-1.5096756,-1.5096756,-1.5096756,-0.28909249,0.58479053,0.25400846,0.010567903,0.17669109,-0.2226828,-0.13540244,-0.076306448,-0.14762601,0.24824383,0.056416514,0.22980655,0.55431534,-0.052335134,0.40159584,-0.43074684,0.25191366,-0.42096839,0
-0.098407645,-0.1326684,0.086583718,-0.30185426,-0.032919703,0.016341072,0.19678748,-0.27015291,-0.36242696,-0.050806535,-0.23870504,0.30207703,-0.2363364,-0.12371064,0.33134,-0.3192318,-0.66470957,0.16107924,-0.083187356,0.19561872,0.22844396,-0.33071558,-0.26870227,-0.017332075,0.28384816,0.12741282,-0.15292251,-0.34671652,0.03507414,-0.22698344,0.15853852,0.50919358,0.31377872,0.21606799,0.012563314,-0.045132099,-0.2567768,0.21286674,0.27279365,0.12606009,-0.53757463,-0.2961039,0.82438366,0.058938174,0.17319567,-0.17767067,1.6393307,1.6393307,1.6393307,1.6393307,1.6393307,1.6393307,1.6393307,1.6393307,1.6393307,1.6393307,1.6393307,1.6393307,-1.6744157,-1.6744157,-1.6744157,-1.6744157,-1.6744157,-1.6744157,-1.6744157,-1.6744157,-1.6744157,-1.6744157,-1.6744157,-1.6744157,0.35980227,-0.37635576,-0.041477195,-0.06440183,0.237374,0.059494022,0.0234204,-0.51580524,-0.63407514,-0.58099615,-0.69902331,0.15296977,0.39772011,-0.26299804,0.11769905,0.03190874,-0.74056878,0.67925289,-0.060463909,-0.11142503,-0.058937293,-0.14888036,0.51924646,-0.020196193,-0.36163203,-0.44951808,1.6393307,1.6393307,1.6393307,1.6393307,1.6393307,1.6393307,1.6393307,1.6393307,1.6393307,1.6393307,-1.6744157,-1.6744157,-1.6744157,-1.6744157,-1.6744157,-1.6744157,-1.6744157,-1.6744157,-1.6744157,0.24650693,0.21039666,0.1049823,0.40012529,-0.039822196,-0.43688307,0.57219983,0.64865724,0.17719523,-0.071712209,0.31106764,-0.2402933,0.49166174,0
-0.082540755,-0.39626087,-0.0099650298,-0.14488995,-0.75228567,0.096064924,0.15422443,0.41444172,0.26674764,0.029825407,0.63780102,0.5436834,0.45869743,-0.36053574,-0.39730398,0.11825743,0.20813771,0.11352397,-0.4907624,0.19812832,0.052331473,-0.26955374,0.60326591,-0.0067664198,0.18732444,0.34664553,0.50468179,-0.13465912,-0.15238733,0.60923281,-0.53850899,0.29174015,0.007770753,-0.3197574,0.081329264,0.17177604,0.30440583,0.54303744,0.0046571528,0.047769436,0.043636791,0.18638385,-0.18812406,-0.53516411,-0.20880709,0.043404184,0.15584599,-0.30703535,0.12240561,0.032821817,-0.52518579,0.19162974,0.072411099,-0.092522278,0.089713007,0.13524626,-0.087341512,1.3718446,1.3718446,1.3718446,1.3718446,1.3718446,1.3718446,1.3718446,1.3718446,1.3718446,1.3718446,1.3718446,1.3718446,1.3718446,1.3718446,1.3718446,-1.4149983,-1.4149983,-1.4149983,-1.4149983,-1.4149983,-1.4149983,-1.4149983,-1.4149983,-1.4149983,-1.4149983,-1.4149983,-1.4149983,-1.4149983,-1.4149983,-1.4149983,-0.45368142,1.3718446,1.3718446,1.3718446,1.3718446,1.3718446,1.3718446,1.3718446,1.3718446,1.3718446,1.3718446,1.3718446,1.3718446,1.3718446,1.3718446,1.3718446,1.3718446,-1.4149983,-1.4149983,-1.4149983,-1.4149983,-1.4149983,-1.4149983,-1.4149983,-1.4149983,-1.4149983,-1.4149983,-1.4149983,-1.4149983,-1.4149983,-1.4149983,-1.4149983,-1.4149983,-0.12858426,0.037722611,-0.32181861,0.31181529,-0.42176619,0.24536981,0.3776119,-0.37754552,0
-0.026490268,-0.11114352,-0.20032198,0.1083822,0.39064952,0.041304819,0.093051852,-0.23866707,-0.60068382,0.14615951,-0.19038786,1.4461102,1.4461102,1.4461102,1.4461102,1.4461102,1.4461102,1.4461102,1.4461102,1.4461102,1.4461102,1.4461102,1.4461102,1.4461102,1.4461102,-1.5147546,-1.5147546,-1.5147546,-1.5147546,-1.5147546,-1.5147546,-1.5147546,-1.5147546,-1.5147546,-1.5147546,-1.5147546,-1.5147546,-1.5147546,-1.5147546,-0.10702651,-0.01936379,0.23465429,0.43637075,-0.46672236,-0.38204068,0.60369212,-0.49554543,0.040924816,-0.40455842,-0.026748316,0.14302968,0.27415702,0.36948111,-0.43161332,-0.12323887,-0.10892195,-0.016740946,-0.27624003,0.4477439,0.2697914,-0.1977339,-0.29957129,0.41107786,0.23519179,-0.086889748,-0.33409896,0.29442074,-0.36653259,-0.31845996,-0.11138461,0.30796829,0.32682015,0.56591139,-0.27567437,-0.10165464,0.11332218,-0.44960495,-0.49222678,0.024887479,0.36823113,0.12273523,0.090758286,0.33915446,0.22682489,0.24381272,-0.082359871,0.2724102,-0.012788748,-0.26458398,0.15171337,0.12053462,0.30594463,1.4461102,1.4461102,1.4461102,1.4461102,1.4461102,1.4461102,1.4461102,1.4461102,1.4461102,1.4461102,1.4461102,1.4461102,1.4461102,1.4461102,-1.5147546,-1.5147546,-1.5147546,-1.5147546,-1.5147546,-1.5147546,-1.5147546,-1.5147546,-1.5147546,-1.5147546,-1.5147546,-1.5147546,-1.5147546,0.43201011,-0.76938589,-0.24191326,-0.083423138,0.27663476,-0.031832284,0.3672581,-0.0015112909,-0.04164079,0
-0.32986499,-0.29359582,0.19786012,-0.25040957,-0.041628901,0.13845293,-0.14752996,0.34916088,-0.13280763,-0.39328907,0.13576364,0.21129213,-0.092923127,0.21385881,0.5133456,-0.28698999,0.14050658,0.31475288,-0.21838989,-0.7012749,-0.12268766,0.2604128,-0.51830427,0.10799858,-0.56019333,0.18954163,-0.27561478,1.4235778,1.4235778,1.4235778,1.4235778,1.4235778,1.4235778,1.4235778,1.4235778,1.4235778,1.4235778,1.4235778,1.4235778,1.4235778,1.4235778,-1.4384825,-1.4384825,-1.4384825,-1.4384825,-1.4384825,-1.4384825,-1.4384825,-1.4384825,-1.4384825,-1.4384825,-1.4384825,-1.4384825,-1.4384825,-1.4384825,0.07894551,-0.45365823,0.0091258997,0.38278823,-0.017965355,0.030084015,-0.23984303,-0.62570915,-0.25500657,0.140096,-0.23008738,0.23898123,-0.18211988,0.044454091,0.7908253,-0.23605793,0.0060066234,0.31093558,0.045556863,0.23023688,-0.40719188,-0.00098513061,0.14511375,0.26227319,0.69190202,-0.11251124,-0.17154357,-0.61189945,0.10238386,0.41026455,1.4235778,1.4235778,1.4235778,1.4235778,1.4235778,1.4235778,1.4235778,1.4235778,1.4235778,1.4235778,1.4235778,1.4235778,1.4235778,1.4235778,1.4235778,1.4235778,-1.4384825,-1.4384825,-1.4384825,-1.4384825,-1.4384825,-1.4384825,-1.4384825,-1.4384825,-1.4384825,-1.4384825,-1.4384825,-1.4384825,-1.4384825,-1.4384825,-1.4384825,0.28964714,0.18582672,-0.17718437,0.045876235,-0.1058491,-0.15060794,0.17099496,-0.14371019,-0.038092362,-0.31645323,0.18887543,0.27649597,0
-0.22442077,0.29763988,0.11644042,0.37331495,0.48495383,-0.13623042,0.25163902,-0.27742482,-0.16675839,-0.15761918,-0.35345968,0.22295973,0.3267763,-0.15145939,0.21193993,0.330149,0.27926562,0.25059233,-0.28322497,0.18103948,0.45030855,-0.19808073,-0.27756893,1.6525451,1.6525451,1.6525451,1.6525451,1.6525451,1.6525451,1.6525451,1.6525451,1.6525451,-1.6712923,-1.6712923,-1.6712923,-1.6712923,-1.6712923,-1.6712923,-1.6712923,-1.6712923,-1.6712923,0.10927666,-0.4642368,-0.075833706,-0.17757789,-0.2160169,-0.013139244,-0.018320464,-0.22498583,-0.19354764,-0.070698946,-0.13130242,0.2793374,0.394366,0.40356303,0.082832938,0.057150245,-0.26148634,0.0088536119,-0.47055043,0.01427312,-0.35864473,-0.099025758,-0.12426792,-0.28777377,0.039659146,-0.046493469,0.31525359,-0.48196917,0.4073317,0.23981219,0.47182843,-0.17523427,0.57897183,0.16095238,0.11892434,-0.072718127,1.6525451,1.6525451,1.6525451,1.6525451,1.6525451,1.6525451,1.6525451,1.6525451,1.6525451,1.6525451,1.6525451,1.6525451,1.6525451,-1.6712923,-1.6712923,-1.6712923,-1.6712923,-1.6712923,-1.6712923,-1.6712923,-1.6712923,-1.6712923,-1.6712923,-1.6712923,-1.6712923,0.051121319,0.41683564,0.002118393,-0.48772945,0.44145438,0.35058475,-0.23188215,-0.4754369,-0.081252043,-0.51832344,0.18270803,0.21290333,-0.21621101,0.34635739,-0.039613428,0.46004573,-0.21647987,0.43394948,-0.71047092,-0.38451054,-0.77815004,-0.19026624,-0.42873835,-0.68504314,-0.080696566,0.098536069,0
0.16175925,0.10953343,-0.0087297727,0.48967613,0.3219134,-0.01672169,-0.29252881,0.41878373,-0.14562576,1.3787562,1.3787562,1.3787562,1.3787562,1.3787562,1.3787562,1.3787562,1.3787562,1.3787562,1.3787562,1.3787562,1.3787562,1.3787562,1.3787562,1.3787562,1.3787562,-1.4201554,-1.4201554,-1.4201554,-1.4201554,-1.4201554,-1.4201554,-1.4201554,-1.4201554,-1.4201554,-1.4201554,-1.4201554,-1.4201554,-1.4201554,-1.4201554,-1.4201554,-0.096806043,0.13290262,0.026385867,-0.026238847,-0.036835829,0.15444003,-0.061045393,-0.019494379,-0.1945809,0.19542276,0.24964389,0.49289938,0.34770475,0.20120741,0.10537753,0.10627326,-0.18859057,-0.27100669,-0.18544719,0.15135256,-0.24384076,1.3787562,1.3787562,1.3787562,1.3787562,1.3787562,1.3787562,1.3787562,1.3787562,1.3787562,1.3787562,1.3787562,1.3787562,1.3787562,1.3787562,1.3787562,1.3787562,-1.4201554,-1.4201554,-1.4201554,-1.4201554,-1.4201554,-1.4201554,-1.4201554,-1.4201554,-1.4201554,-1.4201554,-1.4201554,-1.4201554,-1.4201554,-1.4201554,-1.4201554,-1.4201554,-0.26412339,-0.11879973,0.097824634,0.025220708,-0.087777999,-0.31716166,0.051783365,0.13814879,-0.38262801,0.094310133,-0.14400684,0.28056684,-0.24782162,0.51320249,-0.10625564,0.11998391,0.41648702,0.12997298,-0.42767607,0.12725987,-0.19583668,-0.28271575,0.14728958,-0.48609585,-0.31219547,-0.057098648,-0.023921187,-0.21352996,-0.10537636,0.19861048,-0.055377052,-0.39805998,0.014642849,-0.34659773,0.24458627,0
